{
  "overall": {
    "accuracy": 0.5311414679323918,
    "balanced_accuracy": 0.530283757843461,
    "confusion_matrix": [
      [
        1242,
        1029
      ],
      [
        996,
        1052
      ]
    ],
    "count": 4319,
    "f1": 0.5095664809881327,
    "invalid_output_rate": 0.0,
    "mcc": 0.06052673153953798
  },
  "per_label": {
    "0": {
      "accuracy": 0.5468956406869221,
      "count": 2271.0
    },
    "1": {
      "accuracy": 0.513671875,
      "count": 2048.0
    }
  },
  "per_length_bucket": {
    "000_079": {
      "accuracy": 0.5590887517797817,
      "balanced_accuracy": 0.5002641411482553,
      "confusion_matrix": [
        [
          1172,
          7
        ],
        [
          922,
          6
        ]
      ],
      "count": 2107,
      "f1": 0.012752391073326248,
      "invalid_output_rate": 0.0,
      "mcc": 0.0033491679992119633
    },
    "080_159": {
      "accuracy": 0.6105769230769231,
      "balanced_accuracy": 0.5861593996390235,
      "confusion_matrix": [
        [
          38,
          49
        ],
        [
          32,
          89
        ]
      ],
      "count": 208,
      "f1": 0.6872586872586872,
      "invalid_output_rate": 0.0,
      "mcc": 0.17988560371367823
    },
    "160_319": {
      "accuracy": 0.5269953051643192,
      "balanced_accuracy": 0.49478531687096844,
      "confusion_matrix": [
        [
          26,
          368
        ],
        [
          35,
          423
        ]
      ],
      "count": 852,
      "f1": 0.677341873498799,
      "invalid_output_rate": 0.0,
      "mcc": -0.02016905777006696
    },
    "320_99999": {
      "accuracy": 0.46875,
      "balanced_accuracy": 0.49844048270917346,
      "confusion_matrix": [
        [
          6,
          605
        ],
        [
          7,
          534
        ]
      ],
      "count": 1152,
      "f1": 0.6357142857142857,
      "invalid_output_rate": 0.0,
      "mcc": -0.014736891614252068
    }
  },
  "per_source_split": {
    "test": {
      "accuracy": 0.5460277427490542,
      "balanced_accuracy": 0.5455119617224881,
      "confusion_matrix": [
        [
          201,
          174
        ],
        [
          186,
          232
        ]
      ],
      "count": 793,
      "f1": 0.5631067961165048,
      "invalid_output_rate": 0.0,
      "mcc": 0.09091610606281889
    },
    "train": {
      "accuracy": 0.5298346513299784,
      "balanced_accuracy": 0.5295584804015244,
      "confusion_matrix": [
        [
          805,
          706
        ],
        [
          602,
          669
        ]
      ],
      "count": 2782,
      "f1": 0.5056689342403629,
      "invalid_output_rate": 0.0,
      "mcc": 0.05890046298697609
    },
    "validation": {
      "accuracy": 0.5201612903225806,
      "balanced_accuracy": 0.5167999131787433,
      "confusion_matrix": [
        [
          236,
          149
        ],
        [
          208,
          151
        ]
      ],
      "count": 744,
      "f1": 0.4582701062215478,
      "invalid_output_rate": 0.0,
      "mcc": 0.03422650150740932
    }
  }
}