{
  "overall": {
    "accuracy": 0.5,
    "balanced_accuracy": 0.5,
    "confusion_matrix": [
      [
        17,
        15
      ],
      [
        17,
        15
      ]
    ],
    "count": 64,
    "f1": 0.4838709677419355,
    "invalid_output_rate": 0.0,
    "mcc": 0.0
  },
  "per_label": {
    "0": {
      "accuracy": 0.53125,
      "count": 32.0
    },
    "1": {
      "accuracy": 0.46875,
      "count": 32.0
    }
  },
  "per_length_bucket": {
    "000_079": {
      "accuracy": 0.5161290322580645,
      "balanced_accuracy": 0.5,
      "confusion_matrix": [
        [
          16,
          0
        ],
        [
          15,
          0
        ]
      ],
      "count": 31,
      "f1": 0.0,
      "invalid_output_rate": 0.0,
      "mcc": 0.0
    },
    "080_159": {
      "accuracy": 1.0,
      "balanced_accuracy": 1.0,
      "confusion_matrix": [
        [
          1,
          0
        ],
        [
          0,
          1
        ]
      ],
      "count": 2,
      "f1": 1.0,
      "invalid_output_rate": 0.0,
      "mcc": 1.0
    },
    "160_319": {
      "accuracy": 0.5714285714285714,
      "balanced_accuracy": 0.4444444444444444,
      "confusion_matrix": [
        [
          0,
          5
        ],
        [
          1,
          8
        ]
      ],
      "count": 14,
      "f1": 0.7272727272727273,
      "invalid_output_rate": 0.0,
      "mcc": -0.20672455764868078
    },
    "320_99999": {
      "accuracy": 0.35294117647058826,
      "balanced_accuracy": 0.42857142857142855,
      "confusion_matrix": [
        [
          0,
          10
        ],
        [
          1,
          6
        ]
      ],
      "count": 17,
      "f1": 0.5217391304347826,
      "invalid_output_rate": 0.0,
      "mcc": -0.2988071523335984
    }
  },
  "per_source_split": {
    "test": {
      "accuracy": 0.5333333333333333,
      "balanced_accuracy": 0.5357142857142857,
      "confusion_matrix": [
        [
          4,
          4
        ],
        [
          3,
          4
        ]
      ],
      "count": 15,
      "f1": 0.5333333333333333,
      "invalid_output_rate": 0.0,
      "mcc": 0.07142857142857142
    },
    "train": {
      "accuracy": 0.4883720930232558,
      "balanced_accuracy": 0.48917748917748916,
      "confusion_matrix": [
        [
          11,
          10
        ],
        [
          12,
          10
        ]
      ],
      "count": 43,
      "f1": 0.47619047619047616,
      "invalid_output_rate": 0.0,
      "mcc": -0.02169202500470665
    },
    "validation": {
      "accuracy": 0.5,
      "balanced_accuracy": 0.5,
      "confusion_matrix": [
        [
          2,
          1
        ],
        [
          2,
          1
        ]
      ],
      "count": 6,
      "f1": 0.4,
      "invalid_output_rate": 0.0,
      "mcc": 0.0
    }
  }
}