{
  "overall": {
    "accuracy": 0.5,
    "balanced_accuracy": 0.5,
    "confusion_matrix": [
      [
        19,
        13
      ],
      [
        19,
        13
      ]
    ],
    "count": 64,
    "f1": 0.4482758620689655,
    "invalid_output_rate": 0.0,
    "mcc": 0.0
  },
  "per_label": {
    "0": {
      "accuracy": 0.59375,
      "count": 32.0
    },
    "1": {
      "accuracy": 0.40625,
      "count": 32.0
    }
  },
  "per_length_bucket": {
    "000_079": {
      "accuracy": 0.5161290322580645,
      "balanced_accuracy": 0.5,
      "confusion_matrix": [
        [
          16,
          0
        ],
        [
          15,
          0
        ]
      ],
      "count": 31,
      "f1": 0.0,
      "invalid_output_rate": 0.0,
      "mcc": 0.0
    },
    "080_159": {
      "accuracy": 0.6666666666666666,
      "balanced_accuracy": 0.75,
      "confusion_matrix": [
        [
          1,
          0
        ],
        [
          1,
          1
        ]
      ],
      "count": 3,
      "f1": 0.6666666666666666,
      "invalid_output_rate": 0.0,
      "mcc": 0.5
    },
    "160_319": {
      "accuracy": 0.5384615384615384,
      "balanced_accuracy": 0.475,
      "confusion_matrix": [
        [
          1,
          4
        ],
        [
          2,
          6
        ]
      ],
      "count": 13,
      "f1": 0.6666666666666666,
      "invalid_output_rate": 0.0,
      "mcc": -0.05773502691896257
    },
    "320_99999": {
      "accuracy": 0.4117647058823529,
      "balanced_accuracy": 0.47857142857142854,
      "confusion_matrix": [
        [
          1,
          9
        ],
        [
          1,
          6
        ]
      ],
      "count": 17,
      "f1": 0.5454545454545454,
      "invalid_output_rate": 0.0,
      "mcc": -0.06546536707079773
    }
  },
  "per_source_split": {
    "test": {
      "accuracy": 0.8571428571428571,
      "balanced_accuracy": 0.8571428571428572,
      "confusion_matrix": [
        [
          7,
          0
        ],
        [
          2,
          5
        ]
      ],
      "count": 14,
      "f1": 0.8333333333333334,
      "invalid_output_rate": 0.0,
      "mcc": 0.7453559924999299
    },
    "train": {
      "accuracy": 0.38461538461538464,
      "balanced_accuracy": 0.38026315789473686,
      "confusion_matrix": [
        [
          11,
          9
        ],
        [
          15,
          4
        ]
      ],
      "count": 39,
      "f1": 0.25,
      "invalid_output_rate": 0.0,
      "mcc": -0.2539166875385041
    },
    "validation": {
      "accuracy": 0.45454545454545453,
      "balanced_accuracy": 0.43333333333333335,
      "confusion_matrix": [
        [
          1,
          4
        ],
        [
          2,
          4
        ]
      ],
      "count": 11,
      "f1": 0.5714285714285714,
      "invalid_output_rate": 0.0,
      "mcc": -0.14907119849998599
    }
  }
}