{
  "overall": {
    "accuracy": 0.53125,
    "balanced_accuracy": 0.53125,
    "confusion_matrix": [
      [
        18,
        14
      ],
      [
        16,
        16
      ]
    ],
    "count": 64,
    "f1": 0.5161290322580645,
    "invalid_output_rate": 0.0,
    "mcc": 0.06262242910851495
  },
  "per_label": {
    "0": {
      "accuracy": 0.5625,
      "count": 32.0
    },
    "1": {
      "accuracy": 0.5,
      "count": 32.0
    }
  },
  "per_length_bucket": {
    "000_079": {
      "accuracy": 0.5483870967741935,
      "balanced_accuracy": 0.5333333333333333,
      "confusion_matrix": [
        [
          16,
          0
        ],
        [
          14,
          1
        ]
      ],
      "count": 31,
      "f1": 0.125,
      "invalid_output_rate": 0.0,
      "mcc": 0.18856180831641267
    },
    "080_159": {
      "accuracy": 0.6666666666666666,
      "balanced_accuracy": 0.75,
      "confusion_matrix": [
        [
          1,
          0
        ],
        [
          1,
          1
        ]
      ],
      "count": 3,
      "f1": 0.6666666666666666,
      "invalid_output_rate": 0.0,
      "mcc": 0.5
    },
    "160_319": {
      "accuracy": 0.6153846153846154,
      "balanced_accuracy": 0.5375,
      "confusion_matrix": [
        [
          1,
          4
        ],
        [
          1,
          7
        ]
      ],
      "count": 13,
      "f1": 0.7368421052631579,
      "invalid_output_rate": 0.0,
      "mcc": 0.10112997936948631
    },
    "320_99999": {
      "accuracy": 0.4117647058823529,
      "balanced_accuracy": 0.5,
      "confusion_matrix": [
        [
          0,
          10
        ],
        [
          0,
          7
        ]
      ],
      "count": 17,
      "f1": 0.5833333333333334,
      "invalid_output_rate": 0.0,
      "mcc": 0.0
    }
  },
  "per_source_split": {
    "test": {
      "accuracy": 0.7857142857142857,
      "balanced_accuracy": 0.7857142857142857,
      "confusion_matrix": [
        [
          6,
          1
        ],
        [
          2,
          5
        ]
      ],
      "count": 14,
      "f1": 0.7692307692307693,
      "invalid_output_rate": 0.0,
      "mcc": 0.5773502691896257
    },
    "train": {
      "accuracy": 0.46153846153846156,
      "balanced_accuracy": 0.4592105263157895,
      "confusion_matrix": [
        [
          11,
          9
        ],
        [
          12,
          7
        ]
      ],
      "count": 39,
      "f1": 0.4,
      "invalid_output_rate": 0.0,
      "mcc": -0.08289836903160813
    },
    "validation": {
      "accuracy": 0.45454545454545453,
      "balanced_accuracy": 0.43333333333333335,
      "confusion_matrix": [
        [
          1,
          4
        ],
        [
          2,
          4
        ]
      ],
      "count": 11,
      "f1": 0.5714285714285714,
      "invalid_output_rate": 0.0,
      "mcc": -0.14907119849998599
    }
  }
}