{
  "overall": {
    "accuracy": 0.46875,
    "balanced_accuracy": 0.46875,
    "confusion_matrix": [
      [
        18,
        14
      ],
      [
        20,
        12
      ]
    ],
    "count": 64,
    "f1": 0.41379310344827586,
    "invalid_output_rate": 0.0,
    "mcc": -0.06362847629757777
  },
  "per_label": {
    "0": {
      "accuracy": 0.5625,
      "count": 32.0
    },
    "1": {
      "accuracy": 0.375,
      "count": 32.0
    }
  },
  "per_length_bucket": {
    "000_079": {
      "accuracy": 0.5161290322580645,
      "balanced_accuracy": 0.5,
      "confusion_matrix": [
        [
          16,
          0
        ],
        [
          15,
          0
        ]
      ],
      "count": 31,
      "f1": 0.0,
      "invalid_output_rate": 0.0,
      "mcc": 0.0
    },
    "080_159": {
      "accuracy": 0.6666666666666666,
      "balanced_accuracy": 0.75,
      "confusion_matrix": [
        [
          1,
          0
        ],
        [
          1,
          1
        ]
      ],
      "count": 3,
      "f1": 0.6666666666666666,
      "invalid_output_rate": 0.0,
      "mcc": 0.5
    },
    "160_319": {
      "accuracy": 0.46153846153846156,
      "balanced_accuracy": 0.375,
      "confusion_matrix": [
        [
          0,
          5
        ],
        [
          2,
          6
        ]
      ],
      "count": 13,
      "f1": 0.631578947368421,
      "invalid_output_rate": 0.0,
      "mcc": -0.337099931231621
    },
    "320_99999": {
      "accuracy": 0.35294117647058826,
      "balanced_accuracy": 0.40714285714285714,
      "confusion_matrix": [
        [
          1,
          9
        ],
        [
          2,
          5
        ]
      ],
      "count": 17,
      "f1": 0.47619047619047616,
      "invalid_output_rate": 0.0,
      "mcc": -0.2397561119080782
    }
  },
  "per_source_split": {
    "test": {
      "accuracy": 0.7857142857142857,
      "balanced_accuracy": 0.7857142857142857,
      "confusion_matrix": [
        [
          7,
          0
        ],
        [
          3,
          4
        ]
      ],
      "count": 14,
      "f1": 0.7272727272727273,
      "invalid_output_rate": 0.0,
      "mcc": 0.6324555320336759
    },
    "train": {
      "accuracy": 0.358974358974359,
      "balanced_accuracy": 0.35526315789473684,
      "confusion_matrix": [
        [
          10,
          10
        ],
        [
          15,
          4
        ]
      ],
      "count": 39,
      "f1": 0.24242424242424243,
      "invalid_output_rate": 0.0,
      "mcc": -0.301624673408895
    },
    "validation": {
      "accuracy": 0.45454545454545453,
      "balanced_accuracy": 0.43333333333333335,
      "confusion_matrix": [
        [
          1,
          4
        ],
        [
          2,
          4
        ]
      ],
      "count": 11,
      "f1": 0.5714285714285714,
      "invalid_output_rate": 0.0,
      "mcc": -0.14907119849998599
    }
  }
}